insert into Portfolio (id, name) values (1, 'Portfolio1');
insert into Portfolio (id, name) values (2, 'Portfolio2');

insert into Stock (id, ticker, name, stdDev) values (1, 'FB', 'Facebook Inc', 0.1);
insert into Stock (id, ticker, name, stdDev) values (2, 'AAPL', 'Apple Inc.', 0.05);
insert into Stock (id, ticker, name, stdDev) values (3, 'MSFT', 'Microsoft Corporation', 0.01);
insert into Stock (id, ticker, name, stdDev) values (4, 'ORCL', 'Oracle Corporation', 0.07);
insert into Stock (id, ticker, name, stdDev) values (5, 'GOOG', 'Google Inc', 0.06);
insert into Stock (id, ticker, name, stdDev) values (6, 'AMZN', 'Amazon.com, Inc.', 0.03);
insert into Stock (id, ticker, name, stdDev) values (7, 'NFLX', 'Netflix, Inc.', 0.09);

insert into Position (portfolio_id, stock_id, quantity) values (1, 1, 165);
insert into Position (portfolio_id, stock_id, quantity) values (1, 2, 10);
insert into Position (portfolio_id, stock_id, quantity) values (1, 3, 140);
insert into Position (portfolio_id, stock_id, quantity) values (1, 4, 244);
insert into Position (portfolio_id, stock_id, quantity) values (1, 7, 136);
insert into Position (portfolio_id, stock_id, quantity) values (2, 2, 16);
insert into Position (portfolio_id, stock_id, quantity) values (2, 3, 230);
insert into Position (portfolio_id, stock_id, quantity) values (2, 5, 14);
insert into Position (portfolio_id, stock_id, quantity) values (2, 6, 54);
insert into Position (portfolio_id, stock_id, quantity) values (2, 7, 155);

insert into Price (stock_id, value) values (1, 31.91);
insert into Price (stock_id, value) values (1, 27.447557821267893);
insert into Price (stock_id, value) values (1, 24.678117458109426);
insert into Price (stock_id, value) values (1, 24.010166703778005);
insert into Price (stock_id, value) values (1, 23.004625860007863);
insert into Price (stock_id, value) values (1, 19.05379488139142);
insert into Price (stock_id, value) values (1, 17.411417861370754);
insert into Price (stock_id, value) values (1, 19.19160853359507);
insert into Price (stock_id, value) values (1, 17.971662470664086);
insert into Price (stock_id, value) values (1, 14.728788189557164);
insert into Price (stock_id, value) values (1, 14.198407113313394);
insert into Price (stock_id, value) values (1, 17.190339349940217);
insert into Price (stock_id, value) values (1, 18.864096141030362);
insert into Price (stock_id, value) values (1, 17.334163725796245);
insert into Price (stock_id, value) values (1, 15.471591769396765);
insert into Price (stock_id, value) values (1, 16.40506314185962);
insert into Price (stock_id, value) values (1, 17.126323309392053);
insert into Price (stock_id, value) values (1, 20.414804094669122);
insert into Price (stock_id, value) values (1, 25.47666034569275);
insert into Price (stock_id, value) values (1, 23.769922785818338);
insert into Price (stock_id, value) values (1, 21.1406714304329);
insert into Price (stock_id, value) values (1, 24.694635974696666);
insert into Price (stock_id, value) values (1, 24.25061021509641);
insert into Price (stock_id, value) values (1, 26.572161109200998);
insert into Price (stock_id, value) values (1, 21.47079773425761);
insert into Price (stock_id, value) values (1, 18.25331839145083);
insert into Price (stock_id, value) values (1, 18.148046224887512);
insert into Price (stock_id, value) values (1, 21.813641951962122);
insert into Price (stock_id, value) values (1, 22.335989145209943);
insert into Price (stock_id, value) values (1, 21.406866260496216);
insert into Price (stock_id, value) values (1, 20.85409629668539);
insert into Price (stock_id, value) values (1, 20.136701762099023);
insert into Price (stock_id, value) values (1, 20.86598149800604);
insert into Price (stock_id, value) values (1, 22.0565564116422);
insert into Price (stock_id, value) values (1, 23.4621488492389);
insert into Price (stock_id, value) values (1, 22.712592028038685);
insert into Price (stock_id, value) values (1, 24.125674608495427);
insert into Price (stock_id, value) values (1, 24.430778936554944);
insert into Price (stock_id, value) values (1, 26.15514874393853);
insert into Price (stock_id, value) values (1, 31.874539724887626);
insert into Price (stock_id, value) values (1, 33.74199148821953);
insert into Price (stock_id, value) values (1, 30.54025451952096);
insert into Price (stock_id, value) values (1, 31.143845518737375);
insert into Price (stock_id, value) values (1, 30.41907796301551);
insert into Price (stock_id, value) values (1, 31.70696859808283);
insert into Price (stock_id, value) values (1, 28.829441746816073);
insert into Price (stock_id, value) values (1, 26.141089064139038);
insert into Price (stock_id, value) values (1, 27.291724630748675);
insert into Price (stock_id, value) values (1, 28.524642217242505);
insert into Price (stock_id, value) values (1, 28.715804699170874);
insert into Price (stock_id, value) values (1, 24.00814828711959);

insert into Price (stock_id, value) values (2, 562.29);
insert into Price (stock_id, value) values (2, 576.7828891786498);
insert into Price (stock_id, value) values (2, 578.0403588156746);
insert into Price (stock_id, value) values (2, 545.2419160898082);
insert into Price (stock_id, value) values (2, 527.604308599613);
insert into Price (stock_id, value) values (2, 496.7924232258274);
insert into Price (stock_id, value) values (2, 497.4177826415356);
insert into Price (stock_id, value) values (2, 488.6046421055328);
insert into Price (stock_id, value) values (2, 446.03069302955765);
insert into Price (stock_id, value) values (2, 466.5384573470682);
insert into Price (stock_id, value) values (2, 461.2537727394009);
insert into Price (stock_id, value) values (2, 482.325504837044);
insert into Price (stock_id, value) values (2, 492.1924365932918);
insert into Price (stock_id, value) values (2, 503.64472338014997);
insert into Price (stock_id, value) values (2, 516.5661102309039);
insert into Price (stock_id, value) values (2, 544.7570262315943);
insert into Price (stock_id, value) values (2, 553.7905880061957);
insert into Price (stock_id, value) values (2, 588.1429999334416);
insert into Price (stock_id, value) values (2, 613.6915297318158);
insert into Price (stock_id, value) values (2, 637.082388745352);
insert into Price (stock_id, value) values (2, 621.682805153142);
insert into Price (stock_id, value) values (2, 644.3624012450708);
insert into Price (stock_id, value) values (2, 613.703164241783);
insert into Price (stock_id, value) values (2, 661.9301632875005);
insert into Price (stock_id, value) values (2, 647.7914944586486);
insert into Price (stock_id, value) values (2, 674.5216393286021);
insert into Price (stock_id, value) values (2, 671.7481537049697);
insert into Price (stock_id, value) values (2, 727.1565239016797);
insert into Price (stock_id, value) values (2, 680.1062002495515);
insert into Price (stock_id, value) values (2, 673.5214937784164);
insert into Price (stock_id, value) values (2, 617.4923716620065);
insert into Price (stock_id, value) values (2, 600.4498812798001);
insert into Price (stock_id, value) values (2, 597.8509823269894);
insert into Price (stock_id, value) values (2, 600.8445726093346);
insert into Price (stock_id, value) values (2, 574.744456389898);
insert into Price (stock_id, value) values (2, 568.2587840632704);
insert into Price (stock_id, value) values (2, 573.4554227295743);
insert into Price (stock_id, value) values (2, 524.9214958892053);
insert into Price (stock_id, value) values (2, 493.1405934519407);
insert into Price (stock_id, value) values (2, 516.6222258944241);
insert into Price (stock_id, value) values (2, 516.0688604832766);
insert into Price (stock_id, value) values (2, 533.1500723759439);
insert into Price (stock_id, value) values (2, 489.27682546441486);
insert into Price (stock_id, value) values (2, 529.9648044270082);
insert into Price (stock_id, value) values (2, 559.326487954726);
insert into Price (stock_id, value) values (2, 565.6754368084456);
insert into Price (stock_id, value) values (2, 592.1464142233983);
insert into Price (stock_id, value) values (2, 609.83782462602);
insert into Price (stock_id, value) values (2, 593.5002441826598);
insert into Price (stock_id, value) values (2, 595.3347172617433);
insert into Price (stock_id, value) values (2, 574.3909182801376);

insert into Price (stock_id, value) values (3, 29.06);
insert into Price (stock_id, value) values (3, 29.223805485278323);
insert into Price (stock_id, value) values (3, 29.41589124365832);
insert into Price (stock_id, value) values (3, 29.623265155394115);
insert into Price (stock_id, value) values (3, 29.449516171599633);
insert into Price (stock_id, value) values (3, 29.199162631756874);
insert into Price (stock_id, value) values (3, 29.175373004811334);
insert into Price (stock_id, value) values (3, 29.22932854077962);
insert into Price (stock_id, value) values (3, 29.203979531058653);
insert into Price (stock_id, value) values (3, 29.166823283480948);
insert into Price (stock_id, value) values (3, 29.543220842875236);
insert into Price (stock_id, value) values (3, 29.73045207140274);
insert into Price (stock_id, value) values (3, 29.446011929972737);
insert into Price (stock_id, value) values (3, 29.328938465482967);
insert into Price (stock_id, value) values (3, 29.673491345022985);
insert into Price (stock_id, value) values (3, 29.832755882669854);
insert into Price (stock_id, value) values (3, 29.803722881485637);
insert into Price (stock_id, value) values (3, 30.170302427388638);
insert into Price (stock_id, value) values (3, 30.03760875075784);
insert into Price (stock_id, value) values (3, 29.9498400355161);
insert into Price (stock_id, value) values (3, 29.56304731217853);
insert into Price (stock_id, value) values (3, 28.98495325489224);
insert into Price (stock_id, value) values (3, 28.95802011636363);
insert into Price (stock_id, value) values (3, 29.25883534022016);
insert into Price (stock_id, value) values (3, 29.42451254587131);
insert into Price (stock_id, value) values (3, 28.866359769898978);
insert into Price (stock_id, value) values (3, 28.692937884265096);
insert into Price (stock_id, value) values (3, 28.855600280492563);
insert into Price (stock_id, value) values (3, 28.905443306630087);
insert into Price (stock_id, value) values (3, 28.853394485453197);
insert into Price (stock_id, value) values (3, 29.02145247988819);
insert into Price (stock_id, value) values (3, 28.932115473064663);
insert into Price (stock_id, value) values (3, 28.954363042021892);
insert into Price (stock_id, value) values (3, 29.17221761859691);
insert into Price (stock_id, value) values (3, 28.92561420121448);
insert into Price (stock_id, value) values (3, 28.162969881938587);
insert into Price (stock_id, value) values (3, 28.038834798551576);
insert into Price (stock_id, value) values (3, 28.194674940939237);
insert into Price (stock_id, value) values (3, 27.951317223355563);
insert into Price (stock_id, value) values (3, 27.4424860868759);
insert into Price (stock_id, value) values (3, 27.391711234356883);
insert into Price (stock_id, value) values (3, 27.404033994311856);
insert into Price (stock_id, value) values (3, 27.140883686990904);
insert into Price (stock_id, value) values (3, 27.480256422808374);
insert into Price (stock_id, value) values (3, 27.77580422524659);
insert into Price (stock_id, value) values (3, 28.386393572238102);
insert into Price (stock_id, value) values (3, 28.755872904116956);
insert into Price (stock_id, value) values (3, 28.718033179777848);
insert into Price (stock_id, value) values (3, 28.923269544482878);
insert into Price (stock_id, value) values (3, 28.9585188569358);
insert into Price (stock_id, value) values (3, 29.057639227510474);

insert into Price (stock_id, value) values (4, 26.14);
insert into Price (stock_id, value) values (4, 26.100030301085685);
insert into Price (stock_id, value) values (4, 26.849752429142185);
insert into Price (stock_id, value) values (4, 25.634812876426555);
insert into Price (stock_id, value) values (4, 28.317428417264672);
insert into Price (stock_id, value) values (4, 27.90214090545802);
insert into Price (stock_id, value) values (4, 26.097033387584112);
insert into Price (stock_id, value) values (4, 27.23721228068375);
insert into Price (stock_id, value) values (4, 29.851589944778897);
insert into Price (stock_id, value) values (4, 34.26990251341539);
insert into Price (stock_id, value) values (4, 35.470382862502845);
insert into Price (stock_id, value) values (4, 35.23806330909442);
insert into Price (stock_id, value) values (4, 31.204522705726838);
insert into Price (stock_id, value) values (4, 33.025322913461004);
insert into Price (stock_id, value) values (4, 33.7740577712844);
insert into Price (stock_id, value) values (4, 28.51534633937781);
insert into Price (stock_id, value) values (4, 24.34436860788276);
insert into Price (stock_id, value) values (4, 24.16709425720427);
insert into Price (stock_id, value) values (4, 25.20961717527362);
insert into Price (stock_id, value) values (4, 24.7550852538286);
insert into Price (stock_id, value) values (4, 23.293568923660754);
insert into Price (stock_id, value) values (4, 23.956769106461838);
insert into Price (stock_id, value) values (4, 24.61709168136837);
insert into Price (stock_id, value) values (4, 22.346591559556487);
insert into Price (stock_id, value) values (4, 21.726291772918678);
insert into Price (stock_id, value) values (4, 22.66608317263722);
insert into Price (stock_id, value) values (4, 24.279203638360787);
insert into Price (stock_id, value) values (4, 23.350859221798938);
insert into Price (stock_id, value) values (4, 25.286470417233772);
insert into Price (stock_id, value) values (4, 28.380847169610174);
insert into Price (stock_id, value) values (4, 26.78700458112298);
insert into Price (stock_id, value) values (4, 24.38337512591402);
insert into Price (stock_id, value) values (4, 24.807896753111027);
insert into Price (stock_id, value) values (4, 23.777357418326243);
insert into Price (stock_id, value) values (4, 25.6914254820907);
insert into Price (stock_id, value) values (4, 25.559501727793535);
insert into Price (stock_id, value) values (4, 27.46778983341734);
insert into Price (stock_id, value) values (4, 27.731567906188573);
insert into Price (stock_id, value) values (4, 26.401684329904985);
insert into Price (stock_id, value) values (4, 28.535430294230856);
insert into Price (stock_id, value) values (4, 28.40253563112304);
insert into Price (stock_id, value) values (4, 29.119599314755302);
insert into Price (stock_id, value) values (4, 25.707441228600448);
insert into Price (stock_id, value) values (4, 26.644358266764733);
insert into Price (stock_id, value) values (4, 21.791389576037997);
insert into Price (stock_id, value) values (4, 22.137959736065962);
insert into Price (stock_id, value) values (4, 22.683876245566722);
insert into Price (stock_id, value) values (4, 21.423316431803354);
insert into Price (stock_id, value) values (4, 19.76762194987634);
insert into Price (stock_id, value) values (4, 18.1817368814967);
insert into Price (stock_id, value) values (4, 17.467172325772125);

insert into Price (stock_id, value) values (5, 591.53);
insert into Price (stock_id, value) values (5, 624.1394134890328);
insert into Price (stock_id, value) values (5, 644.2932902365857);
insert into Price (stock_id, value) values (5, 607.8792499118778);
insert into Price (stock_id, value) values (5, 590.4047743007604);
insert into Price (stock_id, value) values (5, 602.8866909678012);
insert into Price (stock_id, value) values (5, 591.3326788957862);
insert into Price (stock_id, value) values (5, 586.8754633777652);
insert into Price (stock_id, value) values (5, 516.1794015961106);
insert into Price (stock_id, value) values (5, 518.5351413098159);
insert into Price (stock_id, value) values (5, 509.5333822423479);
insert into Price (stock_id, value) values (5, 565.7423113739645);
insert into Price (stock_id, value) values (5, 543.057870936917);
insert into Price (stock_id, value) values (5, 529.1847736014462);
insert into Price (stock_id, value) values (5, 579.2137014477563);
insert into Price (stock_id, value) values (5, 594.3012531596598);
insert into Price (stock_id, value) values (5, 557.1217585368212);
insert into Price (stock_id, value) values (5, 591.1489648996635);
insert into Price (stock_id, value) values (5, 565.9077618159549);
insert into Price (stock_id, value) values (5, 552.070596979669);
insert into Price (stock_id, value) values (5, 553.1239964488398);
insert into Price (stock_id, value) values (5, 581.645418311742);
insert into Price (stock_id, value) values (5, 615.070214624236);
insert into Price (stock_id, value) values (5, 626.6105241282179);
insert into Price (stock_id, value) values (5, 663.077710015918);
insert into Price (stock_id, value) values (5, 638.8452529265887);
insert into Price (stock_id, value) values (5, 666.861516082019);
insert into Price (stock_id, value) values (5, 649.0984889608814);
insert into Price (stock_id, value) values (5, 701.100722232655);
insert into Price (stock_id, value) values (5, 666.5598425789291);
insert into Price (stock_id, value) values (5, 605.1656207690216);
insert into Price (stock_id, value) values (5, 607.4949252431526);
insert into Price (stock_id, value) values (5, 619.7611436043762);
insert into Price (stock_id, value) values (5, 619.4713586246933);
insert into Price (stock_id, value) values (5, 542.4136028647142);
insert into Price (stock_id, value) values (5, 548.7070052862607);
insert into Price (stock_id, value) values (5, 628.3930966317655);
insert into Price (stock_id, value) values (5, 616.0549657651557);
insert into Price (stock_id, value) values (5, 583.9495446880779);
insert into Price (stock_id, value) values (5, 584.852043623457);
insert into Price (stock_id, value) values (5, 569.6987164326606);
insert into Price (stock_id, value) values (5, 552.4744297942744);
insert into Price (stock_id, value) values (5, 562.4402189159522);
insert into Price (stock_id, value) values (5, 506.3645609045256);
insert into Price (stock_id, value) values (5, 508.49330917577026);
insert into Price (stock_id, value) values (5, 494.8235245279271);
insert into Price (stock_id, value) values (5, 466.741551199349);
insert into Price (stock_id, value) values (5, 426.98455934105175);
insert into Price (stock_id, value) values (5, 425.13898024469825);
insert into Price (stock_id, value) values (5, 414.01928014558615);
insert into Price (stock_id, value) values (5, 412.30197309636293);

insert into Price (stock_id, value) values (6, 212.89);
insert into Price (stock_id, value) values (6, 212.9266181146733);
insert into Price (stock_id, value) values (6, 209.63573565757002);
insert into Price (stock_id, value) values (6, 204.9547775130124);
insert into Price (stock_id, value) values (6, 205.68010601058876);
insert into Price (stock_id, value) values (6, 203.9492246008371);
insert into Price (stock_id, value) values (6, 211.3949359797746);
insert into Price (stock_id, value) values (6, 224.41402411231118);
insert into Price (stock_id, value) values (6, 224.79256333282387);
insert into Price (stock_id, value) values (6, 213.887008878631);
insert into Price (stock_id, value) values (6, 212.2392385920145);
insert into Price (stock_id, value) values (6, 214.7143208057584);
insert into Price (stock_id, value) values (6, 218.93704589118428);
insert into Price (stock_id, value) values (6, 216.0235253010545);
insert into Price (stock_id, value) values (6, 212.98516226731365);
insert into Price (stock_id, value) values (6, 209.96159484084646);
insert into Price (stock_id, value) values (6, 212.73153282688872);
insert into Price (stock_id, value) values (6, 208.69262587967725);
insert into Price (stock_id, value) values (6, 207.54867159190988);
insert into Price (stock_id, value) values (6, 207.04537120079212);
insert into Price (stock_id, value) values (6, 206.5101254554941);
insert into Price (stock_id, value) values (6, 211.2449222851281);
insert into Price (stock_id, value) values (6, 206.36142686874072);
insert into Price (stock_id, value) values (6, 200.04229916864236);
insert into Price (stock_id, value) values (6, 201.28545625852377);
insert into Price (stock_id, value) values (6, 207.2772495059732);
insert into Price (stock_id, value) values (6, 192.67507691262801);
insert into Price (stock_id, value) values (6, 192.17261805712576);
insert into Price (stock_id, value) values (6, 198.34745760576774);
insert into Price (stock_id, value) values (6, 193.77154742342196);
insert into Price (stock_id, value) values (6, 191.35670433272728);
insert into Price (stock_id, value) values (6, 184.81641961739263);
insert into Price (stock_id, value) values (6, 192.66994841078431);
insert into Price (stock_id, value) values (6, 196.49520533320052);
insert into Price (stock_id, value) values (6, 196.89017179346428);
insert into Price (stock_id, value) values (6, 198.2854062825869);
insert into Price (stock_id, value) values (6, 197.67958668566848);
insert into Price (stock_id, value) values (6, 200.60528565655954);
insert into Price (stock_id, value) values (6, 199.83554561227578);
insert into Price (stock_id, value) values (6, 201.89527737680032);
insert into Price (stock_id, value) values (6, 210.25182206904222);
insert into Price (stock_id, value) values (6, 207.47173746497327);
insert into Price (stock_id, value) values (6, 212.6336873019503);
insert into Price (stock_id, value) values (6, 208.14020017233545);
insert into Price (stock_id, value) values (6, 198.13772151455814);
insert into Price (stock_id, value) values (6, 195.84599882125588);
insert into Price (stock_id, value) values (6, 198.06570148962746);
insert into Price (stock_id, value) values (6, 192.9361614563928);
insert into Price (stock_id, value) values (6, 197.8422757673977);
insert into Price (stock_id, value) values (6, 184.5311592366854);
insert into Price (stock_id, value) values (6, 186.2287427678169);

insert into Price (stock_id, value) values (7, 70.22);
insert into Price (stock_id, value) values (7, 62.74977178254448);
insert into Price (stock_id, value) values (7, 64.42649748721658);
insert into Price (stock_id, value) values (7, 65.74489865948416);
insert into Price (stock_id, value) values (7, 67.33804290604797);
insert into Price (stock_id, value) values (7, 73.11833371949353);
insert into Price (stock_id, value) values (7, 67.0772067479069);
insert into Price (stock_id, value) values (7, 71.06353789797296);
insert into Price (stock_id, value) values (7, 77.43924820035107);
insert into Price (stock_id, value) values (7, 83.28371876630156);
insert into Price (stock_id, value) values (7, 75.61536563666577);
insert into Price (stock_id, value) values (7, 76.30192290410157);
insert into Price (stock_id, value) values (7, 81.67524583802644);
insert into Price (stock_id, value) values (7, 92.23895444583688);
insert into Price (stock_id, value) values (7, 96.12501225024938);
insert into Price (stock_id, value) values (7, 115.85660893441987);
insert into Price (stock_id, value) values (7, 116.39196159953934);
insert into Price (stock_id, value) values (7, 111.21266306352756);
insert into Price (stock_id, value) values (7, 102.91664206247803);
insert into Price (stock_id, value) values (7, 99.94913101545924);
insert into Price (stock_id, value) values (7, 90.87462451526174);
insert into Price (stock_id, value) values (7, 89.05994062097362);
insert into Price (stock_id, value) values (7, 76.55823516413582);
insert into Price (stock_id, value) values (7, 74.39959062094293);
insert into Price (stock_id, value) values (7, 77.111554364912);
insert into Price (stock_id, value) values (7, 80.8987053537113);
insert into Price (stock_id, value) values (7, 76.83067025435086);
insert into Price (stock_id, value) values (7, 79.92216445214753);
insert into Price (stock_id, value) values (7, 97.67703925448912);
insert into Price (stock_id, value) values (7, 98.87063122842011);
insert into Price (stock_id, value) values (7, 107.32603449199688);
insert into Price (stock_id, value) values (7, 99.916398840527);
insert into Price (stock_id, value) values (7, 95.7823411203556);
insert into Price (stock_id, value) values (7, 107.65270568466667);
insert into Price (stock_id, value) values (7, 123.92837984662829);
insert into Price (stock_id, value) values (7, 109.99535161650938);
insert into Price (stock_id, value) values (7, 115.68013791757942);
insert into Price (stock_id, value) values (7, 116.50706156972495);
insert into Price (stock_id, value) values (7, 121.32529678703075);
insert into Price (stock_id, value) values (7, 131.08704097013324);
insert into Price (stock_id, value) values (7, 136.17012918294972);
insert into Price (stock_id, value) values (7, 143.66293868044517);
insert into Price (stock_id, value) values (7, 128.6012647553178);
insert into Price (stock_id, value) values (7, 126.86017288388992);
insert into Price (stock_id, value) values (7, 121.7636268335926);
insert into Price (stock_id, value) values (7, 114.86663451152035);
insert into Price (stock_id, value) values (7, 127.64560554365397);
insert into Price (stock_id, value) values (7, 133.5520992615654);
insert into Price (stock_id, value) values (7, 150.07058813611204);
insert into Price (stock_id, value) values (7, 164.50583435981653);
insert into Price (stock_id, value) values (7, 157.12920020932856);